{
  "tasks": [
    {
      "id": 1,
      "text": "Workout",
      "date": "2020-04-25T13:25:00.000Z"
    },
    {
      "id": 2,
      "text": "Homework",
      "date": "2020-04-25T06:00:00.000Z"
    },
    {
      "id": 3,
      "text": "Walk with a dog",
      "date": "2020-05-05T17:30:00.000Z"
    },
    {
      "id": 4,
      "text": "Call granny",
      "date": "2020-05-02T14:00:00.000Z"
    },
    {
      "id": 5,
      "text": "sfdsfd",
      "date": "2020-04-17T14:26:54.379Z"
    },
    {
      "id": 6,
      "text": "jhvjv",
      "date": "2020-04-23T14:30:00.000Z"
    },
    {
      "id": 7,
      "text": "My new task",
      "date": "2020-04-11T13:30:00.000Z"
    }
  ]
}